uur,neerslag_mm,wind_kmh,windstoot_kmh,temp_c,zicht_m,sneeuw_cm,is_dag
2026-08-28T00:00,5.7,11.9,23.0,20.3,1580.0,,
2026-08-28T01:00,8.4,11.9,23.0,20.3,12960.0,,
2026-08-28T02:00,0.0,5.4,8.3,20.0,9820.0,,
2026-08-28T03:00,0.0,5.4,9.4,19.6,9820.0,,
2026-08-28T04:00,0.0,12.2,21.2,19.3,9920.0,,
2026-08-28T05:00,0.0,9.0,15.8,20.1,11140.0,,
2026-08-28T06:00,0.0,10.1,20.2,19.1,9180.0,,
2026-08-28T07:00,0.0,11.5,22.0,18.9,6680.0,,
2026-08-28T08:00,0.0,10.1,19.1,19.5,8220.0,,
2026-08-28T09:00,0.0,11.9,20.9,19.6,11660.0,,
2026-08-28T10:00,0.0,11.5,22.0,19.8,12360.0,,
2026-08-28T11:00,0.0,13.7,26.6,20.4,13600.0,,
2026-08-28T12:00,0.0,11.9,27.7,21.3,18680.0,,
2026-08-28T13:00,0.0,14.4,28.8,21.8,19300.0,,
2026-08-28T14:00,0.0,14.8,29.9,20.5,15060.0,,
2026-08-28T15:00,1.3,11.5,24.1,18.7,16640.0,,
2026-08-28T16:00,0.0,22.0,40.7,17.7,11520.0,,
2026-08-28T17:00,0.9,19.8,35.6,17.4,10000.0,,
2026-08-28T18:00,0.3,17.6,32.0,17.8,50000.0,,
2026-08-28T19:00,0.0,15.8,30.2,18.2,50000.0,,
2026-08-28T20:00,0.0,19.1,35.3,17.9,50000.0,,
2026-08-28T21:00,0.0,22.3,40.7,18.8,50000.0,,
2026-08-28T22:00,0.0,23.4,42.8,18.9,14640.0,,
2026-08-28T23:00,0.0,24.8,44.6,18.1,12420.0,,
2026-08-29T00:00,0.0,23.8,45.0,17.9,13180.0,0.0,0
2026-08-29T01:00,0.0,25.2,47.9,17.9,12420.0,0.0,0
2026-08-29T02:00,0.0,25.6,46.8,17.3,11260.0,0.0,0
2026-08-29T03:00,0.0,24.5,45.0,17.3,11560.0,0.0,0
2026-08-29T04:00,0.0,26.3,46.4,17.7,12020.0,0.0,0
2026-08-29T05:00,0.0,24.1,43.6,17.1,8400.0,0.0,0
2026-08-29T06:00,0.7,26.6,49.0,17.3,50000.0,0.0,0
2026-08-29T07:00,0.7,27.7,50.8,17.3,9880.0,0.0,1
2026-08-29T08:00,0.3,28.4,51.8,17.5,10520.0,0.0,1
2026-08-29T09:00,0.0,22.7,43.2,17.7,11320.0,0.0,1
2026-08-29T10:00,0.0,23.0,42.5,18.4,11580.0,0.0,1
2026-08-29T11:00,0.0,20.9,40.0,19.8,16120.0,0.0,1
2026-08-29T12:00,0.0,19.1,37.4,21.0,50000.0,0.0,1
2026-08-29T13:00,0.0,19.1,38.5,21.6,21580.0,0.0,1
2026-08-29T14:00,0.0,20.9,39.2,21.6,21460.0,0.0,1
2026-08-29T15:00,0.1,17.3,33.1,20.3,16920.0,0.0,1
2026-08-29T16:00,0.1,18.7,36.0,19.4,14540.0,0.0,1
2026-08-29T17:00,0.7,18.4,35.6,18.6,12480.0,0.0,1
2026-08-29T18:00,0.9,14.4,29.5,18.6,19320.0,0.0,1
2026-08-29T19:00,1.3,19.8,40.3,18.6,50000.0,0.0,1
2026-08-29T20:00,0.0,24.8,45.7,18.5,9840.0,0.0,1
2026-08-29T21:00,0.5,19.1,36.7,18.4,8460.0,0.0,0
2026-08-29T22:00,7.9,24.1,46.4,19.0,9980.0,0.0,0
2026-08-29T23:00,0.0,26.3,54.4,19.2,9800.0,0.0,0
2026-08-30T00:00,0.1,31.3,58.3,19.1,50000.0,0.0,0
2026-08-30T01:00,0.3,32.4,61.6,18.9,50000.0,0.0,0
2026-08-30T02:00,0.5,30.6,58.7,18.6,50000.0,0.0,0
2026-08-30T03:00,0.5,30.2,56.5,18.5,50000.0,0.0,0
2026-08-30T04:00,0.0,28.4,52.6,18.3,50000.0,0.0,0
2026-08-30T05:00,0.0,27.7,51.5,18.3,50000.0,0.0,0
2026-08-30T06:00,0.0,27.0,50.4,17.9,50000.0,0.0,0
2026-08-30T07:00,0.5,26.3,46.4,18.1,8300.0,0.0,1
2026-08-30T08:00,0.3,22.3,42.1,17.9,7980.0,0.0,1
2026-08-30T09:00,3.1,23.8,43.9,18.5,26780.0,0.0,1
2026-08-30T10:00,0.1,27.4,47.9,18.9,50000.0,0.0,1
2026-08-30T11:00,0.0,23.0,42.1,18.8,11200.0,0.0,1
2026-08-30T12:00,0.1,16.6,33.1,19.6,14820.0,0.0,1
2026-08-30T13:00,0.1,19.1,38.2,19.6,50000.0,0.0,1
2026-08-30T14:00,0.0,15.5,32.0,20.0,16920.0,0.0,1
2026-08-30T15:00,0.0,17.6,34.9,20.6,18700.0,0.0,1
2026-08-30T16:00,0.0,16.2,32.8,21.2,20000.0,0.0,1
2026-08-30T17:00,0.0,16.9,32.0,21.1,20440.0,0.0,1
2026-08-30T18:00,0.0,10.8,20.5,20.8,25000.0,0.0,1
2026-08-30T19:00,0.0,8.6,15.5,20.6,18380.0,0.0,1
2026-08-30T20:00,0.0,11.9,22.0,20.8,18180.0,0.0,1
2026-08-30T21:00,0.0,11.5,18.0,19.5,10820.0,0.0,0
2026-08-30T22:00,0.0,16.9,31.0,18.6,5060.0,0.0,0
2026-08-30T23:00,0.3,22.0,40.7,19.4,14840.0,0.0,0
2026-08-31T00:00,0.1,10.8,21.2,19.1,13620.0,0.0,0
2026-08-31T01:00,0.0,14.4,27.4,18.4,12680.0,0.0,0
2026-08-31T02:00,0.0,17.3,30.6,18.4,11760.0,0.0,0
2026-08-31T03:00,0.0,19.8,36.7,18.2,9320.0,0.0,0
2026-08-31T04:00,0.0,17.6,31.0,17.5,10820.0,0.0,0
2026-08-31T05:00,0.0,19.8,36.7,17.4,9880.0,0.0,0
2026-08-31T06:00,0.1,21.6,39.6,17.2,9540.0,0.0,0
2026-08-31T07:00,0.0,22.7,41.4,16.8,10000.0,0.0,1
2026-08-31T08:00,0.0,21.6,42.5,17.0,11180.0,0.0,1
2026-08-31T09:00,0.0,25.6,50.0,17.2,13560.0,0.0,1
2026-08-31T10:00,0.0,24.8,46.8,17.0,12840.0,0.0,1
2026-08-31T11:00,0.0,29.2,55.4,18.1,14400.0,0.0,1
2026-08-31T12:00,0.6,27.4,52.2,19.0,18120.0,0.0,1
2026-08-31T13:00,0.0,26.6,51.8,18.2,15640.0,0.0,1
2026-08-31T14:00,0.2,22.3,43.6,19.1,18440.0,0.0,1
2026-08-31T15:00,0.0,25.2,50.4,19.2,50000.0,0.0,1
2026-08-31T16:00,0.0,24.1,47.2,18.7,19840.0,0.0,1
2026-08-31T17:00,0.0,23.8,46.8,19.8,20800.0,0.0,1
2026-08-31T18:00,0.0,21.6,40.7,20.0,50000.0,0.0,1
2026-08-31T19:00,0.0,20.2,38.5,20.2,23320.0,0.0,1
2026-08-31T20:00,0.0,15.8,29.5,19.6,20480.0,0.0,1
2026-08-31T21:00,0.0,10.4,16.9,19.1,6400.0,0.0,0
2026-08-31T22:00,13.2,9.0,14.0,19.5,18600.0,0.0,0
2026-08-31T23:00,0.0,12.2,20.9,18.9,12600.0,0.0,0
2026-09-01T00:00,9.4,12.2,22.3,18.8,10120.0,0.0,0
2026-09-01T01:00,0.0,13.3,23.8,18.5,13660.0,0.0,0
2026-09-01T02:00,0.0,8.6,15.8,18.2,50000.0,0.0,0
2026-09-01T03:00,0.0,9.4,15.1,18.2,11660.0,0.0,0
2026-09-01T04:00,0.0,8.3,13.7,18.6,27400.0,0.0,0
2026-09-01T05:00,0.7,9.0,16.6,17.9,9060.0,0.0,0
2026-09-01T06:00,0.2,9.4,16.6,18.0,50000.0,0.0,0
2026-09-01T07:00,0.0,10.1,18.0,17.9,15040.0,0.0,1
2026-09-01T08:00,0.0,11.5,20.5,17.9,50000.0,0.0,1
2026-09-01T09:00,0.0,10.1,20.5,18.2,50000.0,0.0,1
2026-09-01T10:00,0.0,11.2,20.9,18.4,50000.0,0.0,1
2026-09-01T11:00,0.0,12.6,26.3,19.3,23140.0,0.0,1
2026-09-01T12:00,0.0,14.0,29.2,19.8,24580.0,0.0,1
2026-09-01T13:00,0.0,14.8,32.0,20.6,28980.0,0.0,1
2026-09-01T14:00,0.0,14.8,32.8,20.9,30420.0,0.0,1
2026-09-01T15:00,0.0,11.9,28.4,20.9,29600.0,0.0,1
2026-09-01T16:00,0.0,14.4,31.3,21.0,30860.0,0.0,1
2026-09-01T17:00,0.0,11.9,27.7,20.6,28560.0,0.0,1
2026-09-01T18:00,0.0,12.6,26.6,20.5,28260.0,0.0,1
2026-09-01T19:00,0.0,11.2,23.8,20.0,50000.0,0.0,1
2026-09-01T20:00,0.0,8.6,17.6,18.9,24900.0,0.0,1
2026-09-01T21:00,0.0,8.3,14.0,18.5,24200.0,0.0,0
2026-09-01T22:00,0.0,8.6,14.4,18.5,24320.0,0.0,0
2026-09-01T23:00,0.0,10.4,16.6,18.1,50000.0,0.0,0
2026-09-02T00:00,0.0,11.2,18.4,17.6,50000.0,0.0,0
2026-09-02T01:00,0.0,13.3,24.1,17.5,50000.0,0.0,0
2026-09-02T02:00,0.0,12.2,23.8,17.6,50000.0,0.0,0
2026-09-02T03:00,0.0,13.3,24.5,16.8,50000.0,0.0,0
2026-09-02T04:00,0.0,11.9,21.2,16.5,50000.0,0.0,0
2026-09-02T05:00,0.0,14.0,25.2,16.7,12300.0,0.0,0
2026-09-02T06:00,0.0,13.3,25.2,16.6,10800.0,0.0,0
2026-09-02T07:00,0.0,13.7,24.1,16.3,50000.0,0.0,1
2026-09-02T08:00,0.0,11.9,19.8,16.6,50000.0,0.0,1
2026-09-02T09:00,0.0,13.7,27.0,16.6,9660.0,0.0,1
2026-09-02T10:00,0.0,13.3,28.1,17.4,50000.0,0.0,1
2026-09-02T11:00,0.1,12.2,28.1,17.0,9200.0,0.0,1
2026-09-02T12:00,0.0,13.7,27.0,18.0,50000.0,0.0,1
2026-09-02T13:00,0.0,11.9,29.5,18.0,50000.0,0.0,1
2026-09-02T14:00,0.1,14.0,28.4,19.6,50000.0,0.0,1
2026-09-02T15:00,0.0,13.7,27.7,19.7,18260.0,0.0,1
2026-09-02T16:00,0.0,15.8,31.7,19.8,19860.0,0.0,1
2026-09-02T17:00,0.0,12.2,31.0,19.4,26460.0,0.0,1
2026-09-02T18:00,1.1,15.5,28.8,19.5,17400.0,0.0,1
2026-09-02T19:00,0.0,12.6,25.6,19.6,17340.0,0.0,1
2026-09-02T20:00,0.0,12.2,25.9,19.5,50000.0,0.0,1
2026-09-02T21:00,0.0,14.0,25.9,18.8,18580.0,0.0,0
2026-09-02T22:00,0.2,13.0,25.6,19.6,20460.0,0.0,0
2026-09-02T23:00,0.1,13.7,27.7,19.1,19480.0,0.0,0
2026-09-03T00:00,0.0,18.7,33.5,18.8,18660.0,0.0,0
2026-09-03T01:00,0.0,20.9,38.2,19.3,21380.0,0.0,0
2026-09-03T02:00,0.0,19.1,35.3,18.9,20280.0,0.0,0
2026-09-03T03:00,0.0,19.1,33.8,18.8,50000.0,0.0,0
2026-09-03T04:00,0.0,23.0,41.8,19.3,19860.0,0.0,0
2026-09-03T05:00,0.0,22.3,41.8,18.7,15620.0,0.0,0
2026-09-03T06:00,0.0,23.8,43.2,18.6,13020.0,0.0,0
2026-09-03T07:00,0.0,18.4,36.7,19.3,11280.0,0.0,1
2026-09-03T08:00,0.1,18.7,37.1,19.2,10440.0,0.0,1
2026-09-03T09:00,1.1,23.8,46.1,19.7,13500.0,0.0,1
2026-09-03T10:00,0.5,22.0,41.0,20.3,50000.0,0.0,1
2026-09-03T11:00,0.0,22.0,41.4,20.3,50000.0,0.0,1
2026-09-03T12:00,0.0,25.6,48.2,20.4,12940.0,0.0,1
2026-09-03T13:00,0.0,26.3,49.3,21.3,17700.0,0.0,1
2026-09-03T14:00,0.0,27.4,51.1,21.5,50000.0,0.0,1
2026-09-03T15:00,0.0,26.3,50.0,21.7,50000.0,0.0,1
2026-09-03T16:00,0.0,23.0,47.5,22.5,18800.0,0.0,1
2026-09-03T17:00,0.0,23.4,45.7,22.4,50000.0,0.0,1
2026-09-03T18:00,0.0,22.3,43.2,21.9,15560.0,0.0,1
2026-09-03T19:00,0.0,20.9,41.8,21.8,15300.0,0.0,1
2026-09-03T20:00,0.0,20.9,42.1,21.1,50000.0,0.0,1
2026-09-03T21:00,0.0,19.8,40.3,20.7,50000.0,0.0,0
2026-09-03T22:00,0.0,28.4,48.6,20.6,50000.0,0.0,0
2026-09-03T23:00,0.0,22.0,43.2,20.7,11260.0,0.0,0
2026-09-04T00:00,0.0,25.9,48.2,20.6,10480.0,0.0,0
2026-09-04T01:00,0.0,26.6,50.4,20.7,11120.0,0.0,0
2026-09-04T02:00,0.0,26.3,49.7,20.5,50000.0,0.0,0
2026-09-04T03:00,0.0,27.7,50.4,20.3,10340.0,0.0,0
2026-09-04T04:00,0.0,29.2,52.6,20.4,11540.0,0.0,0
2026-09-04T05:00,0.0,30.2,56.2,20.5,10920.0,0.0,0
2026-09-04T06:00,0.0,31.7,58.7,20.5,50000.0,0.0,0
2026-09-04T07:00,0.0,35.6,65.9,20.4,50000.0,0.0,1
2026-09-04T08:00,0.2,31.0,58.7,20.8,50000.0,0.0,1
2026-09-04T09:00,0.1,31.3,58.7,20.7,11720.0,0.0,1
2026-09-04T10:00,0.0,34.2,67.0,21.6,50000.0,0.0,1
2026-09-04T11:00,0.0,37.4,72.4,21.4,50000.0,0.0,1
2026-09-04T12:00,0.0,29.9,62.6,21.4,50000.0,0.0,1
2026-09-04T13:00,0.1,31.0,63.4,21.8,50000.0,0.0,1
2026-09-04T14:00,0.0,24.1,47.2,19.5,50000.0,0.0,1
2026-09-04T15:00,0.0,16.2,32.0,19.1,13680.0,0.0,1
2026-09-04T16:00,0.0,24.8,50.0,20.6,19980.0,0.0,1
2026-09-04T17:00,0.0,24.1,46.4,20.4,21140.0,0.0,1
2026-09-04T18:00,0.0,22.0,42.5,19.9,50000.0,0.0,1
2026-09-04T19:00,0.0,22.7,43.2,19.9,24160.0,0.0,1
2026-09-04T20:00,0.0,19.4,38.2,19.2,24900.0,0.0,1
2026-09-04T21:00,0.0,21.2,41.8,19.1,50000.0,0.0,0
2026-09-04T22:00,0.0,21.2,40.7,19.2,50000.0,0.0,0
2026-09-04T23:00,0.0,21.6,41.4,18.8,50000.0,0.0,0
2026-09-05T00:00,0.0,21.6,40.3,18.8,50000.0,0.0,0
2026-09-05T01:00,0.0,17.3,33.5,18.5,23340.0,0.0,0
2026-09-05T02:00,0.0,16.2,30.6,18.1,50000.0,0.0,0
2026-09-05T03:00,0.0,17.6,33.5,18.6,23620.0,0.0,0
2026-09-05T04:00,0.0,16.9,31.0,17.8,50000.0,0.0,0
2026-09-05T05:00,0.0,14.8,26.6,17.6,21400.0,0.0,0
2026-09-05T06:00,0.0,15.8,28.4,17.4,20020.0,0.0,0
2026-09-05T07:00,0.0,13.7,26.6,17.2,19160.0,0.0,0
2026-09-05T08:00,0.0,18.4,35.6,17.6,20480.0,0.0,1
2026-09-05T09:00,0.0,20.2,38.9,18.1,20760.0,0.0,1
2026-09-05T10:00,0.0,18.4,37.1,18.6,23560.0,0.0,1
2026-09-05T11:00,0.0,19.4,40.0,19.0,27020.0,0.0,1
2026-09-05T12:00,0.0,20.2,42.1,19.5,28140.0,0.0,1
2026-09-05T13:00,0.0,21.6,44.3,19.8,29020.0,0.0,1
2026-09-05T14:00,0.0,20.9,43.2,20.2,30420.0,0.0,1
2026-09-05T15:00,0.0,19.1,40.3,20.4,30920.0,0.0,1
2026-09-05T16:00,0.0,19.4,38.2,20.4,30320.0,0.0,1
2026-09-05T17:00,0.0,18.7,40.0,20.2,30200.0,0.0,1
2026-09-05T18:00,0.0,17.6,37.4,19.9,29800.0,0.0,1
2026-09-05T19:00,0.0,15.1,35.3,19.5,28420.0,0.0,1
2026-09-05T20:00,0.0,12.2,29.9,18.8,26380.0,0.0,1
2026-09-05T21:00,0.0,8.3,23.0,18.3,25440.0,0.0,0
2026-09-05T22:00,0.0,6.5,13.7,17.8,25080.0,0.0,0
2026-09-05T23:00,0.0,4.0,9.0,17.3,24440.0,0.0,0
